Name,Elo,Peak,Rank,Peak Rank
Aetos,0,0,0,0
Programmatic,0,0,0,0
metalman20,0,0,0,0
Joy,0,0,0,0
TreXDer,0,0,0,0
Ballinbino,0,0,0,0
PnO_Mader,0,0,0,0
jif,0,0,0,0
CarbonCarbon12,0,0,0,0
Aexus,0,0,0,0
snaphap,0,0,0,0
Theo,0,0,0,0
Kwazi,0,0,0,0
LuminaryCat,0,0,0,0
Abysmalcosmos,0,0,0,0
DFeth,0,0,0,0
3Stans,0,0,0,0
Kosmos,0,0,0,0
LunarMoron,0,0,0,0
SR_유민,0,0,0,0
Lava,0,0,0,0
smb,0,0,0,0
Gamer97,0,0,0,0
Edge,0,0,0,0
Farshan,0,0,0,0
Kaszabi,0,0,0,0
Vodcat,0,0,0,0
sodapants,0,0,0,0
Drogin_dunlane,0,0,0,0
Loosiano,0,0,0,0
Mapy,0,0,0,0
GaviGuy,0,0,0,0
Pick,0,0,0,0
Konomi,0,0,0,0
Ricki,0,0,0,0
Dragojent,0,0,0,0
echeerie,0,0,0,0
Rickfernello,0,0,0,0
Primis Rulz,0,0,0,0
Xandy,0,0,0,0
CursedElectric,0,0,0,0
Jammy Dodger,0,0,0,0
NickAzn,0,0,0,0
Kisshunter,0,0,0,0
Avri,0,0,0,0
TheWay123,0,0,0,0
swagdude,0,0,0,0
Daquat,0,0,0,0
AngryScootsman,0,0,0,0
CaliCalicko,0,0,0,0
oproerling,0,0,0,0
tetrachris,0,0,0,0
haomakk,0,0,0,0
Halflite,0,0,0,0
Franco,0,0,0,0
Cahobo,0,0,0,0
FlyinPoulpus,0,0,0,0
Krauvando,0,0,0,0
Nemo,0,0,0,0
Blueye,0,0,0,0
icedbriski,0,0,0,0
Banda,0,0,0,0
Float,0,0,0,0
Baby_Jimbo,0,0,0,0
Neyei,0,0,0,0
wolf,0,0,0,0
g4,0,0,0,0
Karmack,0,0,0,0
andyfiredurf,0,0,0,0
TobyAkka4,0,0,0,0
Ozma_XD,0,0,0,0
Santeri,0,0,0,0
Dracautiste,0,0,0,0
TANDOKU,0,0,0,0
ExHilEr8,0,0,0,0
LtChaos720,0,0,0,0
aznchibikid,0,0,0,0
jane.,0,0,0,0
kaddalaug,0,0,0,0
Matt,0,0,0,0
Stride,0,0,0,0
magnostherobot,0,0,0,0
Yoco,0,0,0,0
imfallinfree,0,0,0,0
Penta,0,0,0,0
ebi,0,0,0,0
Neppy5000,0,0,0,0
StevenofAstora,0,0,0,0
Swhynot,0,0,0,0
allo,0,0,0,0
Typescrapr,0,0,0,0
Hedge Wizard,0,0,0,0
bio,0,0,0,0
SquidSuperstar,0,0,0,0
Wesley,0,0,0,0
ArenEternal,0,0,0,0
eevyern,0,0,0,0
Bobogoobo,0,0,0,0
HalloweenBaby,0,0,0,0
Hongto,0,0,0,0
Negative,0,0,0,0
Minnie,0,0,0,0
Fulmi,0,0,0,0
Khromatical,0,0,0,0
Velvet,0,0,0,0
AllPoland,0,0,0,0
SkaryBoi,0,0,0,0
Axol,0,0,0,0
eyelur,0,0,0,0
Pnisj,0,0,0,0
theneobunny,0,0,0,0
Kevs_tracK,0,0,0,0
Arzou,0,0,0,0
LilithTheFox,0,0,0,0
Frog King,0,0,0,0
crohn44,0,0,0,0
Santeri,0,0,0,0
hauntedfurret,0,0,0,0
Davi,0,0,0,0
AzureWolfy,0,0,0,0
HighCaliberTree,0,0,0,0
Vlek,0,0,0,0
Stride,0,0,0,0
Kali,0,0,0,0
Goonlord,0,0,0,0
Darnoc703,0,0,0,0
chanicorn,0,0,0,0