Name,MMR
Aetos,0
Programmatic,0
metalman20,0
Joy,0
TreXDer,0
Ballinbino,0
PnO_Mader,0
jif,0
CarbonCarbon12,0
Aexus,0
snaphap,0
Theo,0
Kwazi,0
LuminaryCat,0
Abysmalcosmos,0
DFeth,0
3Stans,0
Kosmos,0
LunarMoron,0
SR_유민,0
Lava,0
smb,0
Gamer97,0
Edge,0
Farshan,0
Kaszabi,0
Vodcat,0
sodapants,0
Drogin_dunlane,0
Loosiano,0
Mapy,0
GaviGuy,0
Pick,0
Konomi,0
Ricki,0
Dragojent,0
echeerie,0
Rickfernello,0
Primis Rulz,0
Xandy,0
CursedElectric,0
Jammy Dodger,0
NickAzn,0
Kisshunter,0
Avri,0
TheWay123,0
swagdude,0
Daquat,0
AngryScootsman,0
CaliCalicko,0
oproerling,0
tetrachris,0
haomakk,0
Halflite,0
Franco,0
Cahobo,0
FlyinPoulpus,0
Krauvando,0
Nemo,0
Blueye,0
icedbriski,0
Banda,0
Float,0
Baby_Jimbo,0
Neyei,0
wolf,0
g4,0
Karmack,0
andyfiredurf,0
TobyAkka4,0
Ozma_XD,0
Santeri,0
Dracautiste,0
TANDOKU,0
ExHilEr8,0
LtChaos720,0
aznchibikid,0
jane.,0
kaddalaug,0
Matt,0
Stride,0
magnostherobot,0
Yoco,0
imfallinfree,0
Penta,0
ebi,0
Neppy5000,0
StevenofAstora,0
Swhynot,0
allo,0
Typescrapr,0
Hedge Wizard,0
bio,0
SquidSuperstar,0
Wesley,0
ArenEternal,0
eevyern,0
Bobogoobo,0
HalloweenBaby,0
Hongto,0
Negative,0
Minnie,0
Fulmi,0
Khromatical,0
Velvet,0
AllPoland,0
SkaryBoi,0
Axol,0
eyelur,0
Pnisj,0
theneobunny,0
Kevs_tracK,0
Arzou,0
LilithTheFox,0
Frog King,0
crohn44,0
Santeri,0
hauntedfurret,0
Davi,0
AzureWolfy,0
HighCaliberTree,0
Vlek,0
Stride,0
Kali,0
Goonlord,0
Darnoc703,0
chanicorn,0